image_name,question,question_type,answer
synpic29265.jpg,Are the lungs normal appearing?,ABN,No
synpic29265.jpg,Is there evidence of a pneumothorax,PRES,No
synpic28602.jpg,What type of imaging does this not represent?,MODALITY,ultrasound
synpic29265.jpg,Is this a MRI of the chest?,MODALITY,no
synpic28602.jpg,What is not pictured in this image?,ORGAN,The extremities
synpic28602.jpg,Is the trachea midline?,PRES,yes
synpic28602.jpg,Is there evidence of an aortic aneurysm?,PRES,No
synpic28602.jpg,Is there blunting of the costovertebral angles?,PRES,No
synpic42202.jpg,Which organ system is abnormal in this image?,ORGAN,Cardiovascular
synpic42202.jpg,Is there a pneumothorax?,PRES,no
synpic29265.jpg,Is there a fracture?,PRES,no
synpic28602.jpg,Is this an anterior posterior image?,PLANE,no
synpic29265.jpg,Is there air under the diaphragm?,PRES,No
synpic42202.jpg,What type of image is this?,MODALITY,Chest X-ray
synpic42202.jpg,Is this an anterior-posterior image,PLANE,no
synpic21776.jpg,Are there >12 of ribs? ,COUNT,Yes
synpic21776.jpg,Is/Are the lungs normal size?,SIZE,Yes
synpic25821.jpg,Is/Are there a rib fracture?,PRES,No
synpic25821.jpg,Is/Are there fracturing in the patient's ribs?,PRES,No
synpic25821.jpg,Is/Are the lung parenchyma abnormal?,ABN,No
synpic25821.jpg,Is/Are the lung parenchyma abnormal?,ABN,No
synpic21776.jpg,was this taken with good x ray penetration,MODALITY,yes
synpic25821.jpg,Are there >8 ribs shown in this image?,COUNT,Yes
synpic25821.jpg,Are there >8 of the ribs?,COUNT,Yes
synpic25821.jpg,Are there at least 8 ribs visible for good inspiratory effort?,COUNT,Yes
synpic25821.jpg,Are there at least 8 of the ribs?,COUNT,Yes
synpic21776.jpg,was this taken in PA position?,PLANE,yes
synpic42245.jpg,Are the hilar soft tissue densities symmetric?,ATTRIB,no
synpic42245.jpg,Is/Are there symmetry in the patient's hilums?,ATTRIB,no
synpic42245.jpg,Are the soft tissue densities in the left hilum equivalent in size to the soft tissue densities in the right hilum?,SIZE,no
synpic42245.jpg,Is/Are there equivalent size tissues densities in the patient's hilums?,SIZE,no
synpic16174.jpg,Is the descending aortic silhouette of normal contour?,ATTRIB,Yes
synpic16174.jpg,Is the descending aortic silhouette of normal contour and size?,"ATTRIB, SIZE",Yes
synpic16174.jpg,Is there tortuosity of the descending aorta?,PRES,Yes
synpic16174.jpg,Is/Are there tortuosity in the patient's aorta?,PRES,Yes
synpic16174.jpg,Is the descending aortic silhouette of normal size?,PRES,Yes
synpic16174.jpg,Is/Are there tortuosity in the patient's aorta?,PRES,Yes
synpic16174.jpg,Is the descending aortic silhouette of normal size?,SIZE,Yes
synpic40272.jpg,was this chest x ray taken in PA format?,PLANE,yes
synpic21776.jpg,Are lung opacities noted?,PRES,No
synpic21776.jpg,Is/Are there nodules in the patient's lung?,PRES,No
synpic21776.jpg,is there evidence of intraparenchymal lung nodules?,PRES,No
synpic21776.jpg,Is/Are there nodules in the patient's lung?,PRES,No
synpic16174.jpg,Is/Are the heart size normal?,SIZE,Yes
synpic16174.jpg,Is/Are the heart size normal?,SIZE,Yes
synpic52767.jpg,Is there evidence of a right apical pneumothorax on this chest x-ray?,PRES,Yes
synpic52767.jpg,Is/Are there a pneumothorax in the patient's right lung?,PRES,Yes
synpic52767.jpg,Is a pneumothorax present near the right lung field?,PRES,Yes
synpic52767.jpg,Is/Are there a pneumothorax in the patient's right lung?,PRES,Yes
synpic21776.jpg,Is/Are the heart narrowed?,SIZE,Yes
synpic21776.jpg,Is/Are the heart narrowed?,SIZE,Yes
synpic42245.jpg,Are there any fractures in any of the ribs?,PRES,No
synpic42245.jpg,Is/Are there fractures in the patient's ribs?,PRES,No
synpic42245.jpg,Are any of the patient's ribs fractured?,PRES,No
synpic42245.jpg,Is/Are there fractures in the patient's ribs?,PRES,No
synpic40272.jpg,Is there pulmonary edema,PRES,no
synpic40272.jpg,Is/Are the pulmonary vessels enlarged?,SIZE,no
synpic52767.jpg,Is/Are the cardiac contour normal?,ATTRIB,Yes
synpic40272.jpg,is it difficult to delineate the left costophrenic angle?,PRES,yes
synpic40272.jpg,Is/Are there blunting in the patient's left costophrenic angle?,PRES,yes
synpic40272.jpg,Is there blunting of the left costophrenic angle?,PRES,yes
synpic40272.jpg,Is/Are there blunting in the patient's left costophrenic angle?,PRES,yes
synpic33422.jpg,Is/Are there pneumothorax in the patient's left lung field?,PRES,Yes
synpic33422.jpg,Is/Are there pneumothorax in the patient's left lung field?,PRES,Yes
synpic33422.jpg,Is/Are there midline shift?,PRES,No
synpic33422.jpg,Is/Are there midline shift?,PRES,No
synpic40272.jpg,Is/Are the left lung radioopaque?,COLOR,yes
synpic40272.jpg,Is/Are the left lung radioopaque?,COLOR,yes
synpic42245.jpg,Are the costophrenic angles sharp?,PRES,yes
synpic42245.jpg,Is/Are there no blunting in the patient's costophrenic angles?,PRES,yes
synpic42245.jpg,Is there no evidence of blunting of the costophrenic angles?,PRES,yes
synpic42245.jpg,Is/Are there no blunting in the patient's costophrenic angles?,PRES,yes
synpic21776.jpg,is the lung parenchyma well visualized?,PRES,yes
synpic40272.jpg,are the heart and lungs displayed well in this film,ORGAN,yes
synpic18319.jpg,What is/are the abnormalities  near/in the lung?,ABN,Pulmonary nodules
synpic18319.jpg,What is/are the abnormalities  near/in the lung?,ABN,Pulmonary nodules
synpic32933.jpg,What is/are the hypointensity near/in the R hemidiaphragm?,PRES,Free air
synpic32933.jpg,What is/are the hypointensity near/in the R hemidiaphragm?,PRES,Free air
synpic31400.jpg,Any abnormal findings in the lower lung fields?,ABN,no
synpic31400.jpg,Is/Are there abnormalities in the patient's lower lung?,ABN,no
synpic31400.jpg,Are the lower lung fields normal?,ABN,yes
synpic31400.jpg,Is/Are there abnormalities in the patient's lower lung?,ABN,yes
synpic32933.jpg,Is the left hemidiaphragm normal?,ABN,Yes
synpic32933.jpg,Is this image normal?,ABN,Yes
synpic32933.jpg,Is the left hemidiaphragm normal?,ABN,Yes
synpic32933.jpg,Is this image normal?,ABN,Yes
synpic49914.jpg,Is this a chest x-ray?,MODALITY,yes
synpic18461.jpg,What kind of image is this?,MODALITY,Chest x-ray
synpic31400.jpg,where is the cavitary lesion?,POS,Right upper lobe
synpic31400.jpg,Where is/are the cavitary lesion located?,POS,Right upper lobe
synpic31400.jpg,where is the abnormality?,POS,Right upper lobe
synpic31400.jpg,Where is/are the cavitary lesion located?,POS,Right upper lobe
synpic18461.jpg,What organ is primarily evaluated in this image?,ORGAN,Lungs
synpic18461.jpg,Is this a lateral film?,PLANE,no
synpic31400.jpg,Which organ system is imaged?,ORGAN,Chest
synpic49914.jpg,Is this a study of the chest?,ORGAN,yes
synpic21044.jpg,What is abnormal about the hila?,ATTRIB,Enlarged
synpic21044.jpg,How would you describe the hila?,ATTRIB,Enlarged
synpic21044.jpg,Is the hila normal or enlarged?,ATTRIB,Enlarged
synpic49914.jpg,What is happening in the right lung?,ABN,Volume loss
synpic49914.jpg,What is/are abnormal right lung ?,ABN,Volume loss
synpic49914.jpg,What is finding in the right lung?,ABN,Volume loss
synpic49914.jpg,What is/are abnormal right lung ?,ABN,Volume loss
synpic18461.jpg,Are the lungs normal?,ABN,No
synpic18461.jpg,Is/Are the lung normal?,ABN,No
synpic18461.jpg,Is the chest x-ray normal?,ABN,No
synpic18461.jpg,Is this image normal?,ABN,No
synpic31400.jpg,What is/are the abnormalities near/in the lung apices?,ABN,Nodular opacities
synpic31400.jpg,What is/are the abnormalities near/in the lung apices?,ABN,Nodular opacities
synpic18319.jpg,What can cause asymmetrical breasts?,OTHER,Prior surgery
synpic18319.jpg,Why are the breasts asymmetrical?,OTHER,Prior surgery
synpic49914.jpg,Is/Are the lung normal?,ABN,No
synpic49914.jpg,Is this image normal?,ABN,No
synpic21044.jpg,How would you describe the aortopulmonary window?,ATTRIB,middle mogul
synpic21044.jpg,What is/are the characteristic finding near/in the aortopulmonary window?,PRES,middle mogul
synpic21044.jpg,What is/are the sign near/in the aortopulmonary window?,PRES,middle mogul
synpic49914.jpg,Where is/are the abnormality located?,POS,Right lung
synpic49914.jpg,Where is/are the abnormality located?,POS,Right lung
synpic32933.jpg,Is this image normal?,ABN,No
synpic32933.jpg, Is/Are the right hemidiaphragm normal?,ABN,No
synpic18319.jpg,Where is the catheter tip located?,POS,Right superior cavoatrial junction
synpic18319.jpg,Where is/are the catheter tip located?,POS,Right superior cavoatrial junction
synpic18319.jpg,Where does the catheter tip extend into?,POS,Right superior cavoatrial junction
synpic18319.jpg,Where is/are the catheter tip located?,POS,Right superior cavoatrial junction
synpic21044.jpg,Is the heart abnormal?,ABN,Yes
synpic21044.jpg,Does the heart appear enlarged?,SIZE,Yes
synpic21044.jpg,Is/Are the heart enlarged? -yes/no,SIZE,Yes
synpic24390.jpg,How was this x-ray taken?,PLANE,PA
synpic23803.jpg,Which ribs are located near the abnormality seen in this image?,POS,4th and 5th
synpic23803.jpg,What level is the abnormality located at?,POS,T5
synpic39532.jpg,Is/Are there a pneumothorax present?,PRES,No
synpic17664.jpg,Do the lung markings extend to the periphery?,PRES,Yes
synpic17664.jpg,Is a pneumothorax present in this image?,PRES,No
synpic47783.jpg,Does the width of the heart exceed more than half of the thorax?,SIZE,No
synpic47783.jpg,How wide is/are the cardiac shadow? -open,SIZE,No
synpic47783.jpg,How wide is the cardiac shadow?,SIZE,Less than half the thorax
synpic47783.jpg,How wide is/are the cardiac shadow? -open,SIZE,Less than half the thorax
synpic31955.jpg,Is the diaphragm obscured?,PRES,No
synpic31955.jpg,Is/Are the diaphragm obscured?,PRES,No
synpic31955.jpg,Is the diaphragm clearly visualized on both sides?,PRES,Yes
synpic31955.jpg,Is/Are the diaphragm visualized?,PRES,Yes
synpic45557.jpg,Are nodular calcifications present in the lungs?,PRES,No
synpic45557.jpg,What lesions are present in the lungs?,PRES,None
synpic34449.jpg,Are the calcifications superior or inferior to the diaphragm?,POS,Superior
synpic34449.jpg,Where in the image are the calcifications located?,POS,High on the image
synpic31962.jpg,Where is the aortic arch?,POS,Right side
synpic31962.jpg,Where is/are the aortic arch located?,POS,Right side
synpic31962.jpg,Which side of the image is the aortic arch visualized?,POS,Right side
synpic31962.jpg,Where is/are the aortic arch located?,POS,Right side
synpic19477.jpg,Where is the lung lesion located?,POS,Right lung
synpic19477.jpg,Where is/are the lung lesion located?,POS,Right lung
synpic19477.jpg,Which lobe of the lung is the lesion located in?,POS,Right upper lobe
synpic19477.jpg,Where is/are the lung lesion located?,POS,Right upper lobe
synpic45557.jpg,Do bones appear lighter on this image's modality?,MODALITY,yes
synpic39532.jpg,How many lesions are present in the image?,COUNT,One
synpic39532.jpg,How many lesions are present/visualized in the image?,COUNT,One
synpic39532.jpg,Is there more that one lesion present?,COUNT,No
synpic39532.jpg,Is/Are there more than one lesion present?,COUNT,No
synpic34449.jpg,What are the two major organs present in this image?,ORGAN,Heart 	lungs
synpic17664.jpg,Is/Are the diaphragm visualized?,PRES,Yes
synpic17664.jpg,Is/Are the diaphragm obscured?,PRES,No
synpic24390.jpg,Is/Are the heart wider than more than half the width of the thorax?,SIZE,No
synpic24390.jpg,How wide is/are the heart compared to the thorax? -open,SIZE,It is less than half the width of the thorax
synpic23803.jpg,Is/Are the free air under the left hemidiaphragm  pathologic?,PRES,No
synpic23803.jpg,Is/Are the free air under the left hemidiaphragm  pathologic?,PRES,No
synpic34449.jpg,Is this an AP image?,PLANE,no
synpic19782.jpg,Are calcified lesions present in the lung fields?,PRES,No
synpic19782.jpg,Is there evidence of large calcified lesions in the lung fields?,PRES,No
synpic19782.jpg,Is/Are there calcified lesions in the patient's lung fields?,PRES,No
synpic19782.jpg,Where is/are the free air located?,POS,Above the clavicles bilaterally
synpic19782.jpg,Is/Are there free air in the patient's supraclavicular fossae?,PRES,Yes
synpic23053.jpg,Is the air under the left hemidiaphragm pathologic?,ABN,No
synpic23053.jpg,Is/Are the air under the left hemidiaphragm pathologic?,ABN,No
synpic23053.jpg,Is there free air under the left diaphragm?,PRES,No
synpic23053.jpg,Is/Are there free air in the patient's subdiaphram?,PRES,No
synpic24390.jpg,Is this image of the thorax?,ORGAN,yes
synpic39532.jpg,Where is the lesion?,POS,Right lower lobe
synpic39532.jpg,Where is/are the lesion located?,POS,Right lower lobe
synpic39532.jpg,Which lung lobe is the lesion present in?,POS,Right lower lobe
synpic39532.jpg,Where is/are the lesion located?,POS,Right lower lobe
synpic47783.jpg,Where is the aneurysm located?,POS,In the thorasic aorta
synpic47783.jpg,Where is/are the aneurysm located?,POS,In the thorasic aorta
synpic47783.jpg,What is the most important abnormality found in this image?,PRES,Width of aorta
synpic19477.jpg,At which rib is the lesion located?,POS,7th rib
synpic19477.jpg,What rib is the lesion located inferior to?,POS,7th rib
synpic23803.jpg,On which side is the cardiac border more obscured?,POS,Right
synpic23803.jpg,Where is the cardiac border more obscured?,POS,Right
synpic19477.jpg,Which side of the cardiac border is more prominent?,POS,Left
synpic19477.jpg,Which cardiac border is more prominently visualized?,POS,Left
synpic24390.jpg,Is this image a CT scan?,MODALITY,no
synpic13385.jpg,Which lung has more extensive infiltration?,POS,Left
synpic13385.jpg,Where is/are the most infiltrates  located?,POS,Left
synpic13385.jpg,Where are the most infiltrates located?,POS,Left lung
synpic13385.jpg,Where is/are the most infiltrates  located?,POS,Left lung
synpic24390.jpg,Is the largest air collection on the patient's left or the right side?,POS,Right side
synpic24390.jpg,Where is the largest air collection in this image?,POS,Right lung base
synpic31955.jpg,Where is the lesion located?,POS,Anterior mediastinum
synpic31955.jpg,Where is/are the lesion located?,POS,Anterior mediastinum
synpic31955.jpg,What is the location of the primary lesion?,POS,Right lung hilum
synpic31955.jpg,Where is/are the lesion located?,POS,Right lung hilum
synpic13385.jpg,Is the air under the left hemidiaphragm pathologic?,ABN,No
synpic13385.jpg,Is/Are the air under the left hemidiaphragm pathologic?,ABN,No
synpic13385.jpg,Is subdiaphragmatic air present on the left side?,PRES,No
synpic13385.jpg,Is/Are there subdiaphragmatic air in the patient's left side? ,PRES,No
synpic47783.jpg,Is there a mass in the right hilum?,PRES,No
synpic47783.jpg,Is/Are there a mass in the patient's right hilum?,PRES,No
synpic47783.jpg,Is there evidence of a mass lesion at the right hilum?,PRES,No
synpic47783.jpg,Is/Are there a mass in the patient's right hilum?,PRES,No
synpic31962.jpg,Is there a fracture on the left 5th rib?,PRES,No
synpic31962.jpg,Is/Are there fracture in the patient's 5th rib?,PRES,No
synpic31962.jpg,Is the left fifth rib broken?,PRES,No
synpic31962.jpg,Is/Are there fracture in the patient's 5th rib?,PRES,No
synpic24390.jpg,Is subcutaneous air present?,PRES,No
synpic24390.jpg,Is/Are there subcutaneous air present?,PRES,No
synpic24390.jpg,Is there evidence of subcutaneous air collection?,PRES,No
synpic24390.jpg,Is/Are there subcutaneous air present?,PRES,No
synpic45557.jpg,Are any ribs in the image fractured?,PRES,No
synpic45557.jpg,Is/Are there fracture in the patient's  ribs?,PRES,No
synpic45557.jpg,Are there any fractures present?,PRES,No
synpic45557.jpg,Is/Are there any fractures present?,PRES,No
synpic34449.jpg,Where is/are the subcutaneous air collection? ,POS,On the right shoulder.
synpic34449.jpg,Is/Are there subcutaneous air present in the patient's right neck?,PRES,Yes
synpic23053.jpg,Is the opacity near the left lung apex pathologic?,ABN,No
synpic23053.jpg,Is/Are the opacity near the left lung apex pathologic?,ABN,No
synpic23053.jpg,What is the opacity near the left lung apex?,PRES,Pacemaker
synpic23053.jpg,What is/are the opacity near/in the left lung apex? ,PRES,Pacemaker
synpic13385.jpg,What is/are the that near/in the left apex?,PRES,A bullous lesion
synpic13385.jpg,Is/Are there a pneumonthorax in the patient's left apex?,PRES,No
synpic31955.jpg,Where is/are the lesion located?,POS,Anterior mediastinum
synpic34449.jpg,How was this image taken?,MODALITY,X-ray
synpic23053.jpg,Where is the lesion?,POS,In the right hilum
synpic23053.jpg,Where is/are the lesion located?,POS,In the right hilum
synpic23053.jpg,Which lobe is the lesion located in?,POS,Upper right lobe
synpic23053.jpg,Where is/are the lesion located?,POS,Upper right lobe
synpic31962.jpg,Is there any inappropriate air collection in subcutaneous tissue?,PRES,No
synpic31962.jpg,Is/Are there subcutaneous air present?,PRES,No
synpic31962.jpg,Is subcutaneous air present?,PRES,No
synpic31962.jpg,Is/Are there subcutaneous air present?,PRES,No
synpic45557.jpg,Where on the image is most obscured?,POS,Right lung base
synpic45557.jpg,Is the costophrenic angle blunted?,"PRES, ATTRIB",Yes
synpic45557.jpg,Is/Are the costophrenic angle blunted? -yes/no,"PRES, ATTRIB",Yes
synpic31916.jpg,Is this film properly exposed?,MODALITY,yes
synpic24538.jpg,Is the heart dilated?,SIZE,No
synpic52951.jpg,In which lobe is the nodule located?,POS,Left upper lobe
synpic19118.jpg,Are these small opacities in the right lung calcifications?,PRES,No
synpic52951.jpg,Is there any shifting on the path of the trachea?,PRES,No
synpic52951.jpg,What is the organ principally shown in this image?,ORGAN,Lung
synpic31916.jpg,What is the name of this image's plane?,PLANE,Posteroanterior
synpic52951.jpg,Is this a solitary nodule?,PRES,Yes
synpic31916.jpg,Is the right lung normal in size?,SIZE,No
synpic19118.jpg,Is this a cyst in the left lung?,POS,No
synpic31916.jpg,What is happening with the path of the trachea?,ABN,It is shifted to the right
synpic31916.jpg,Is the stomach dilated?,SIZE,no
synpic31916.jpg,How do we call these wide undulations along the vertebral column?,OTHER,Scoliosis
synpic24538.jpg,To which side is the trachea deviated?,POS,Right
synpic33226.jpg,Is the heart a normal size?,SIZE,Yes
synpic33226.jpg,Is/Are the heart size normal?,SIZE,Yes
synpic33226.jpg,Is the heart size normal?,SIZE,Yes
synpic33226.jpg,Is/Are the heart size normal?,SIZE,Yes
synpic50943.jpg,Can a pulmonary mass be appreciated?,PRES,no
synpic50943.jpg,Is a pulmonary mass present?,PRES,no
synpic44865.jpg,Is this a solid or cystic lesion?,ATTRIB,Solid
synpic44865.jpg,Is the lesion a solid or cystic lesion?,ATTRIB,Solid
synpic16810.jpg,Is this in the PA plane?,PLANE,yes
synpic50943.jpg,Is there anything abnormal about the heart size?,SIZE,Yes
synpic50943.jpg,Is the heart enlarged?,SIZE,Yes
synpic50943.jpg,Is/Are the heart enlarged?,SIZE,Yes
synpic28378.jpg,Is this patient male or female?,OTHER,Female
synpic28378.jpg,What is the likely sex of this patient?,OTHER,Female
synpic33226.jpg,Can this image highlight bone fractures (if present)?,MODALITY,yes
synpic60423.jpg,Can you appreciate a pleural effusion?,PRES,no
synpic60423.jpg,Is/Are there a pleural effusion?,PRES,no
synpic60423.jpg,Is a pleural effusion present?,PRES,no
synpic60423.jpg,Is/Are there a pleural effusion?,PRES,no
synpic60423.jpg,Is the heart enlarged?,SIZE,No
synpic60423.jpg,Is/Are the heart enlarged?,SIZE,No
synpic60423.jpg,Is the heart size increased?,SIZE,No
synpic60423.jpg,Is/Are the heart enlarged?,SIZE,No
synpic27402.jpg,Is this image sufficient for a diagnosis?,OTHER,No
synpic27402.jpg,Is the image enough to diagnose?,OTHER,No
synpic50943.jpg,Is there a right-sided pleural effusion?,PRES,no
synpic50943.jpg,Is/Are there a pleural effusion?,PRES,no
synpic50943.jpg,Is there an effusion present on the right-side?,PRES,no
synpic50943.jpg,Is/Are there a pleural effusion?,PRES,no
synpic16810.jpg,Do you see a pleural effusion?,PRES,No
synpic16810.jpg,Is/Are there a Pleural effusion?,PRES,No
synpic16810.jpg,Is a pleural effusion present?,PRES,No
synpic16810.jpg,Is/Are there a Pleural effusion?,PRES,No
synpic33226.jpg,Is a pleural effusion present?,PRES,No
synpic33226.jpg,Is/Are there a pleural effusion?,PRES,No
synpic33226.jpg,Is there a pleural effusion?,PRES,No
synpic33226.jpg,Is/Are there a pleural effusion?,PRES,No
synpic31248.jpg,Is the heart size abnormal?,SIZE,No
synpic31248.jpg,Is/Are the heart size abnormal?,SIZE,No
synpic31248.jpg,Is the heart enlarged?,SIZE,No
synpic31248.jpg,Is/Are the heart enlarged? ,SIZE,No
synpic33226.jpg,What can be typically visualized in this plane?,OTHER,lungs 	bony thoracic cavit y	mediastinum and great vessels
synpic16810.jpg,Can you evaluate the kidneys 	bladde r	or ureters in this image?,PRES,No
synpic60423.jpg,Can you diagnose a pericardial effusion from this image?,OTHER,No
synpic60423.jpg,Is this image sufficient to diagnose pericardial effusion?,OTHER,No
synpic28378.jpg,Is there a pleural effusion present?,PRES,No
synpic28378.jpg,Is/Are there pleural effusion?,PRES,No
synpic28378.jpg,Is there a pleural effusion,PRES,No
synpic28378.jpg,Is/Are there pleural effusion?,PRES,No
synpic27402.jpg,Did this patient sustain physical damage?,OTHER,no
synpic27402.jpg,Do you suspect a physical injury?,OTHER,no
synpic44865.jpg,Can you see all of the ribs on the left side?,PRES,no
synpic44865.jpg,Can the left ribs be evaluated?,PRES,no
synpic31248.jpg,Can you appreciate a pleural effusion anywhere?,PRES,no
synpic31248.jpg,Is pleural effusion present?,PRES,no
synpic33226.jpg,Does the left humerus appear to be fractured?,PRES,No
synpic33226.jpg,Is/Are the humerus fractured?,PRES,No
synpic33226.jpg,Is there a fracture of the left humerus?,PRES,No
synpic33226.jpg,Are both lungs abnormally inflated?,ABN,no
synpic44865.jpg,Can a pleural effusion be appreciated on the right side?,PRES,no
synpic44865.jpg,Is/Are there a right pleural effusion?,PRES,no
synpic44865.jpg,Is there a right-sided pleural effusion?,PRES,no
synpic44865.jpg,Is/Are there a right pleural effusion?,PRES,no
synpic32962.jpg,Is/Are there hylar lymphadenopathy?,PRES,yes
synpic32962.jpg,Is/Are there hylar lymphadenopathy?,PRES,yes
synpic32962.jpg,Is/Are there a widened mediastinum?,SIZE,Yes
synpic32962.jpg,Is/Are there a widened mediastinum?,SIZE,Yes
synpic18651.jpg,Does this image show heart failure?,OTHER,yes
synpic18651.jpg,is this heart failure,OTHER,yes
synpic18651.jpg,Is/Are the heart enlarged?,SIZE,yes
synpic18651.jpg,Is/Are the heart enlarged?,SIZE,yes
synpic46976.jpg,is the heart enlarged?,SIZE,yes
synpic46976.jpg,Is/Are the heart enlarged?,SIZE,yes
synpic46976.jpg,Is there cardiomegaly?,SIZE,yes
synpic46976.jpg,Is/Are the heart enlarged?,SIZE,yes
synpic32962.jpg,Is this coronal plane?,PLANE,yes
synpic46539.jpg,Is/Are there a pleural effusion?,PRES,yes
synpic46539.jpg,Is/Are there a pleural effusion?,PRES,yes
synpic51872.jpg,Is there a lung mass?,PRES,yes
synpic51872.jpg,Is/Are there a lung mass?,PRES,yes
synpic51872.jpg,Is there a mass in the lung?,PRES,yes
synpic51872.jpg,Is/Are there a lung mass?,PRES,yes
synpic31259.jpg,Is/Are there a mass?,PRES,yes
synpic31259.jpg,Is/Are there a mass?,PRES,yes
synpic18651.jpg,What is abnormal in this image?,ABN,cardiomegaly with pulmonary edema
synpic18651.jpg,What is abnormal in this image?,ABN,cardiomegaly with pulmonary edema
synpic23989.jpg,does this constitute a pulmonary pathology?,ORGAN,yes
synpic46539.jpg,Is this lesion loculated,PRES,no
synpic46539.jpg,Is/Are the lesion loculated? -yes/no,PRES,no
synpic46539.jpg,Is there loculation of this lesion?,PRES,no
synpic46539.jpg,Is/Are the lesion loculated? -yes/no,PRES,no
synpic22037.jpg,Is this a standing CXR,MODALITY,no
synpic55464.jpg,what it causing the widening?,OTHER,mass
synpic55464.jpg,What is the widened mediastinum caused by?,OTHER,mass
synpic23989.jpg,is this an AP CXR,MODALITY,yes
synpic32962.jpg,What is the modality?,MODALITY,CXR
synpic22037.jpg,is the pulmonary system shown?,ORGAN,yes
synpic55464.jpg,Is the mediastinum widened?,SIZE,yes
synpic55464.jpg,Is/Are there a widened mediastinum?,SIZE,yes
synpic55464.jpg,Is there a widened mediastium?,SIZE,yes
synpic55464.jpg,Is/Are there a widened mediastinum?,SIZE,yes
synpic23989.jpg,What plane is demonstrated?,PLANE,Coronal
synpic51872.jpg,Where is/are the cavitary lesion located?,POS,Right upper lobe
synpic51872.jpg,Where is/are the cavitary lesion located?,POS,Right upper lobe
synpic46976.jpg,Is/Are there increased vascular markings? ,PRES,yes
synpic46976.jpg,Is/Are the vascular markings increased?,PRES,yes
synpic23989.jpg,What is the pathology?,ABN,Left Apical Pneumothorax
synpic23989.jpg,What is abnormal in this image?,ABN,Left Apical Pneumothorax
synpic23989.jpg,What pathology is shown?,ABN,Left Apical Pneumothorax
synpic23989.jpg,What is abnormal in this image?,ABN,Left Apical Pneumothorax
synpic32962.jpg,Doe this image depict an interstitial lung process?,PRES,yes
synpic32962.jpg,Is/Are there interstitial process in the patient's lungs?,PRES,yes
synpic32962.jpg,Is there an interstitial lung process?,PRES,yes
synpic32962.jpg,Is/Are there interstitial process in the patient's lungs?,PRES,yes
synpic55464.jpg,Is this a PA film?,MODALITY,yes
synpic55464.jpg,Does the pathology involve the CV system,ORGAN,yes
synpic46976.jpg,What is the pathology in this image?,ABN,cardiomegaly
synpic46976.jpg,What is/are the pathology near/in the image?,ABN,cardiomegaly
synpic46976.jpg,what pathology is demonstrated?,ABN,cardiomegaly
synpic46976.jpg,What is/are the pathology near/in the image?,ABN,cardiomegaly
synpic22037.jpg,Is the chest xray underexposed?,OTHER,yes
synpic22037.jpg,Is this image underexposed?,OTHER,yes
synpic31259.jpg,This radiograph contains what foreign body?,PRES,sternotomy wires and surgical clips
synpic31259.jpg,What is/are the foreign body near/in the lung?,PRES,sternotomy wires and surgical clips
synpic31259.jpg,what is the foreign body,PRES,sternotomy wires and surgical clips
synpic31259.jpg,What is/are the foreign body near/in the lung?,PRES,sternotomy wires and surgical clips
synpic22037.jpg,what is the plane?,PLANE,coronal
synpic51872.jpg,Do you see a cavitary lesion in this chest xray?,PRES,yes
synpic51872.jpg,Is/Are there a cavitary lesion?,PRES,yes
synpic51872.jpg,is there a cavitary lesion?,PRES,yes
synpic51872.jpg,Is/Are there a cavitary lesion?,PRES,yes
synpic27047.jpg,Does this patient have cardiomegaly?,SIZE,No
synpic21042.jpg,Is this patient intubated?,PRES,No
synpic16170.jpg,Where is the lesion located?,POS,Left mid lung
synpic21042.jpg,Is this a PA image?,PLANE,yes
synpic33378.jpg,Does this patient have a pneumothorax?,PRES,Yes
synpic100132.jpg,Does this radiograph contain parts of the cardiovascular system?,ORGAN,yes
synpic100132.jpg,Is the heart enlarged?,SIZE,No
synpic33378.jpg,Does this patient have a pleural effusion?,PRES,No
synpic100132.jpg,Was this image taken in the AP or PA plane?,PLANE,PA
synpic28355.jpg,Does this xray show an intubated patient?,PRES,No
synpic33378.jpg,Which side is the pneumothorax on?,POS,Right side
synpic21042.jpg,Does this image show a pneumothorax?,PRES,No
synpic100132.jpg,Which rib is fractured?,POS,3rd rib
synpic21042.jpg,What type of imaging modality is seen in this image?,MODALITY,X-ray plain film
synpic100132.jpg,Is this a CT scan?,MODALITY,no
synpic21042.jpg,What is one organ system seen in this image?,ORGAN,Respiratory System
synpic28355.jpg,Is this xray suggestive of aortic dissection?,PRES,No
synpic16170.jpg,Does this patient have any fractured ribs?,PRES,No
synpic27047.jpg,What type of imaging modality is this?,MODALITY,Xray - plain film
synpic100132.jpg,What is the difference between the left and right costophrenic angles?,OTHER,The left costophrenic angle is blunted
synpic27047.jpg,Is there a clavicle fracture shown in this radiograph?,PRES,No
synpic21037.jpg,Does this patient have an endotracheal tube placed?,PRES,No
synpic21037.jpg,Does this CXR display pneumoperitoneum?,PRES,No
synpic21037.jpg,Which side of the image is the thoracic mass located on?,POS,Left side
synpic21042.jpg,Does this image show a pleural effusion?,PRES,No
synpic26248.jpg,Where is/are the diaphragm elevation located?,POS,Right
synpic26248.jpg,Where is/are the diaphragm elevation located?,POS,Right
synpic17848.jpg,What type of image is this?,MODALITY,Chest xray
synpic17848.jpg,Is there evidence of pneumothorax?,PRES,No
synpic17848.jpg,Is/Are there pneumothorax?,PRES,No
synpic17848.jpg,Is there a pneumothorax?,PRES,No
synpic17848.jpg,Is/Are there pneumothorax?,PRES,No
synpic16407.jpg,Are the pulmonary arteries enlarged?,SIZE,Yes
synpic16407.jpg,Is/Are the pulmonary arteries enlarged?,SIZE,Yes
synpic16407.jpg,Do the pulmonary arteries appear enlarged?,SIZE,Yes
synpic16407.jpg,Is/Are the pulmonary arteries enlarged?,SIZE,Yes
synpic22097.jpg,What kind of image is this?,MODALITY,chest x Ray
synpic22097.jpg,What modality is this?,MODALITY,chest x Ray
synpic17848.jpg,Are the findings normal?,ABN,No
synpic17848.jpg,Is this image normal?,ABN,No
synpic17848.jpg,Is this a normal image?,ABN,No
synpic17848.jpg,Is this image normal?,ABN,No
synpic16407.jpg,Are the lungs hyperinflated?,PRES,Yes
synpic16407.jpg,Is/Are the lungs hyperinflated?,PRES,Yes
synpic16407.jpg,Do the lungs appear hyperinflated?,PRES,Yes
synpic16407.jpg,Is/Are the lungs hyperinflated?,PRES,Yes
synpic26248.jpg,The air fluid level is in which location?,POS,Cardiac region
synpic26248.jpg,Where is/are the air fluid level located?,POS,Cardiac region
synpic26248.jpg,Where is there an air fluid level?,POS,Cardiac region
synpic26248.jpg,Where is/are the air fluid level located?,POS,Cardiac region
synpic40520.jpg,Where is/are the pleural effusion located?,POS,Right side
synpic40520.jpg,Where is/are the pleural effusion located?,POS,Right side
synpic17693.jpg,How is the image oriented?,PLANE,PA
synpic17693.jpg,What plane is this X-ray in?,PLANE,PA
synpic22097.jpg,Which side is abnormal?,POS,Left
synpic22097.jpg,Where is/are the defect located?,POS,Left
synpic22097.jpg,Which lung has a defect?,POS,Left
synpic22097.jpg,Where is/are the defect located?,POS,Left
synpic17848.jpg,What organ systems can be evaluated with this image?,ORGAN,Respiratory 	cardia c	musculoskeletal
synpic40520.jpg,Is/Are the trachea located near/in the midline?,PRES,Yes
synpic40520.jpg,Is the trachea midline?,PRES,Yes
synpic17848.jpg,Is this image best taken on expiration?,PLANE,no
synpic22097.jpg,Do you see fluid in the left lung?,PRES,Yes
synpic22097.jpg,Is/Are there fluid in the patient's left lung?,PRES,Yes
synpic22097.jpg,Is there fluid in the left lung?,PRES,Yes
synpic22097.jpg,Is/Are there fluid in the patient's left lung?,PRES,Yes
synpic40520.jpg,Does the heart appear normal size?,SIZE,No
synpic40520.jpg,Is/Are the heart normal size?,SIZE,No
synpic40520.jpg,Is the width of the cardiac silhouette normal?,SIZE,No
synpic40520.jpg,Is/Are the heart normal size?,SIZE,No
synpic16407.jpg,What type of image is this?,MODALITY,Chest X-ray
synpic16407.jpg,What image modality is this?,MODALITY,Chest X-ray
synpic26248.jpg,What are the hyperdense findings in the mediastinum?,PRES,Sternal wires
synpic26248.jpg,What is/are the hyperdensities near/in the mediastinum?,PRES,Sternal wires
synpic26248.jpg,What are seen as hyperdense in the mediastinum of this image?,PRES,Sternal wires
synpic26248.jpg,What is/are the hyperdensities near/in the mediastinum?,PRES,Sternal wires
synpic18896.jpg,What is the abnormality seen above the heart on the patient's right side?,PRES,right sided aortic arch
synpic18896.jpg,What is the abnormality near the heart on the right side?,PRES,right sided aortic arch
synpic18896.jpg,what is the bump seen above the heart on the patient's right side?,PRES,right sided aortic arch
synpic18896.jpg,What is the abnormality near the heart on the right side?,PRES,right sided aortic arch
synpic31394.jpg,In what plane is the above taken?,PLANE,PA
synpic32970.jpg,Are there any bone fractures present?,PRES,No
synpic32970.jpg,Is/Are there bone fractures?,PRES,No
synpic32970.jpg,Does the patient have any bone fractures?,PRES,No
synpic32970.jpg,Is/Are there bone fractures?,PRES,No
synpic32970.jpg,Where is/are the lesion  located?,POS,right lower lateral lung field
synpic32970.jpg,Where is/are the lesion  located?,POS,right lower lateral lung field
synpic17738.jpg,What is the size of the mass in the right upper quadrant?,SIZE,3.4 cm
synpic17738.jpg,What is the size of the mass in the right upper quadrant?,SIZE,3.4 cm
synpic27277.jpg,Are the patients' ribs symmetric on both sides?,"PRES, ATTRIB",No
synpic27277.jpg,Is/Are there symmtery in the patient's ribs on both sides?,"PRES, ATTRIB",No
synpic27277.jpg,Is there symmetry of the patient's ribs on both sides?,"PRES, ATTRIB",No
synpic27277.jpg,Is/Are there symmtery in the patient's ribs on both sides?,"PRES, ATTRIB",No
synpic31256.jpg,Is the heart enlarged?,SIZE,no
synpic31256.jpg,Is the heart enlarged?,SIZE,no
synpic18896.jpg,Imaging modality used to take this image?,MODALITY,PA Xray
synpic18896.jpg,What imaging modality is used to acquire this picture?,MODALITY,PA Xray
synpic31394.jpg,Is the image an CT scan?,MODALITY,no
synpic17145.jpg,Is there a pneumothorax seen in the above image?,PRES,No
synpic17145.jpg,Is/Are there a pneumothorax?,PRES,No
synpic17145.jpg,Is there a pneumothorax present?,PRES,No
synpic17145.jpg,Is/Are there a pneumothorax?,PRES,No
synpic31394.jpg,Does the heart look enlarged?,SIZE,No
synpic31394.jpg,Is/Are the heart enlarged ?,SIZE,No
synpic31394.jpg,Is the heart enlarged?,SIZE,No
synpic31394.jpg,Is/Are the heart enlarged ?,SIZE,No
synpic42805.jpg,Is the heart larger than normal?,SIZE,No
synpic42805.jpg,Is/Are the the heart enlarged?,SIZE,No
synpic42805.jpg,Is the heart enlarged?,SIZE,No
synpic42805.jpg,Is/Are the the heart enlarged?,SIZE,No
synpic31256.jpg,How was this image taken?,MODALITY,X-ray
synpic31256.jpg,What imaging modality is seen?,MODALITY,X-ray
synpic17738.jpg,What organ system is being imaged?,ORGAN,Chest
synpic42805.jpg,In which lobes do you see a higher density of masses?,POS,Upper lobes
synpic42805.jpg,Where is the high density of masses located?,POS,Upper lobes
synpic42805.jpg,Which lobes of the lung contain a higher density of masses?,POS,Upper lobes
synpic42805.jpg,Where is the high density of masses located?,POS,Upper lobes
synpic17738.jpg,Is the heart enlarged?,SIZE,No
synpic17738.jpg,Is the heart enlarged?,SIZE,No
synpic17738.jpg,Is this a PA film?,PLANE,yes
synpic17738.jpg,Where is/are the abnormal mass  located?,POS,Right upper lobe
synpic17738.jpg,Where is/are the abnormal mass  located?,POS,Right upper lobe
synpic32970.jpg,Are there multiple lesions in the chest of the above patient?,PRES,No
synpic32970.jpg,Is there multiple lesions in the patient's chest?,PRES,No
synpic32970.jpg,Does this patient have multiple lesions in their chest?,PRES,No
synpic32970.jpg,Is there multiple lesions in the patient's chest?,PRES,No
synpic31256.jpg,The azygoesophageal recess is deviated in which direction?,POS,right
synpic31256.jpg,Where is the azygoesophageal recess deviation located?,POS,right
synpic31256.jpg,Which direction is the azygoesophageal recess deviated?,POS,right
synpic31256.jpg,Where is the azygoesophageal recess deviation located?,POS,right
synpic17145.jpg,In which side is the hemidiaphragm elevated?,POS,right
synpic17145.jpg,Where is the diaphragm elevation located?,POS,right
synpic17145.jpg,Which diaphragm is elevated?,POS,right
synpic17145.jpg,Where is the diaphragm elevation located?,POS,right
synpic31394.jpg,Are the pulmonary nodules diffuse in the chest or lateralized to one side?,POS,Diffuse
synpic31394.jpg,Where are the pulmonary nodules located?,POS,Diffuse
synpic31394.jpg,Is the location of the pulmonary nodules diffuse or lateralized to one side?,POS,Diffuse
synpic31394.jpg,Where are the pulmonary nodules located?,POS,Diffuse
synpic33481.jpg,Are the lesions only in one lobe?,POS,No
synpic33481.jpg,Is/Are the lesions located near/in the one lobe?,POS,No
synpic33481.jpg,Are the opacities confined to one lung lobe?,POS,No
synpic33481.jpg,Is/Are the lesions located near/in the one lobe?,POS,No
synpic33331.jpg,Is this a mid-sagittal film?,PLANE,no
synpic33429.jpg,Is there free air under the diaphragm?,PRES,No
synpic33429.jpg,Is/Are there air in the abdomen?,PRES,No
synpic33429.jpg,Is there air in the abdominal cavity?,PRES,No
synpic33429.jpg,Is/Are there air in the abdomen?,PRES,No
synpic16221.jpg,Is this an axial image?,PLANE,no
synpic17675.jpg,Is there free air under the diaphragm?,PRES,No
synpic17675.jpg,Is/Are there free air in the patient's (under the) diaphragm?,PRES,No
synpic17675.jpg,Is subdiaphragmatic free air present?,PRES,No
synpic17675.jpg,Is/Are there free air in the patient's (under the) diaphragm?,PRES,No
synpic33302.jpg,Are there any consolidations present in the lungs?,PRES,No
synpic33302.jpg,Is/Are there pulmonary consolidations?,PRES,No
synpic33302.jpg,Are there any pulmonary consolidations?,PRES,No
synpic33302.jpg,Is/Are there pulmonary consolidations?,PRES,No
synpic33331.jpg,Why are the chostrochondral junctions not seen on this film?,OTHER,Cartilage is not well viewed by x rays
synpic33331.jpg,Is the heart shadow abnormally large?,SIZE,No
synpic33331.jpg,Is/Are the heart shadow abnormally large?,SIZE,No
synpic33331.jpg,Is the cardiac silhouette enlarged?,SIZE,No
synpic33331.jpg,Is/Are the heart shadow abnormally large?,SIZE,No
synpic24350.jpg,Is there a pneumothorax?,PRES,No
synpic24350.jpg,Is/Are there pneumothorax?,PRES,No
synpic24350.jpg,Is a pneumothorax present?,PRES,No
synpic24350.jpg,Is/Are there pneumothorax?,PRES,No
synpic45610.jpg,Is/Are the trachea normal?,ABN,No
synpic45610.jpg,Is/Are the trachea normal?,PRES,Yes
synpic16221.jpg,Is there pneumothorax?,OTHER,No
synpic16221.jpg,How can you tell there is no pneumothorax present?,OTHER,Lung markings present all the way laterally to the ribs
synpic16221.jpg,Why is the right lung most common location for aspirations?,OTHER,The right mainstem bronchus is more in line with the trachea than the left
synpic33429.jpg,What is/are the free air near/in the thorax?,PRES,No
synpic33429.jpg,What is/are the free air near/in the thorax?,PRES,No
synpic17675.jpg,Are there cilia present at the level of alveoli?,PRES,no
synpic33331.jpg,Are any of the ribs fractured?,PRES,No
synpic33331.jpg,Is/Are the ribs fractured? -yes/no,PRES,No
synpic33331.jpg,Are there rib fractures present?,PRES,No
synpic33331.jpg,Is/Are the ribs fractured? -yes/no,PRES,No
synpic33481.jpg,Does a blocked alveoli cause a V/Q mismatch?,OTHER,yes
synpic33302.jpg,What is the air under the left hemidiaphragm?,PRES,Stomach bubble
synpic33302.jpg,What is the air under the patient's left hemidiaphragm?,PRES,Stomach bubble
synpic33302.jpg,What is hyperdensity under the diaphragm on the left?,PRES,Stomach bubble
synpic33302.jpg,What is the air under the patient's left hemidiaphragm?,PRES,Stomach bubble
synpic33481.jpg,What else do you need in order to localize lesions on a CXR?,OTHER,Lateral film as well as PA
synpic16221.jpg,Is the trachea deviated from midline?,PRES,No
synpic16221.jpg,Is/Are there tracheal deviation?,PRES,No
synpic16221.jpg,Is there tracheal deviation?,PRES,No
synpic16221.jpg,Is/Are there tracheal deviation?,PRES,No
synpic17675.jpg,Can x rays be used to identify liver lesions?,OTHER,no
synpic16221.jpg,What does the black on an x ray indicate?,OTHER,Air
synpic33481.jpg,Are the hemidiaphragms flattened?,ATTRIB,No
synpic33481.jpg,Is/Are the diaphragm  flattened? -yes/no,ATTRIB,No
synpic33481.jpg,Is the diaphragm flattened on either side,ATTRIB,No
synpic33481.jpg,Is/Are the diaphragm  flattened? -yes/no,ATTRIB,No
synpic45610.jpg,Is the cardiac silhouette enlarged?,SIZE,No
synpic45610.jpg,Is/Are the heart size abnormal?,SIZE,No
synpic45610.jpg,Is the heart size abnormal,SIZE,No
synpic45610.jpg,Is/Are the heart size abnormal?,SIZE,No
synpic33481.jpg,Is the aorta abnormally wide?,SIZE,No
synpic33481.jpg,is the aortic knob widened?,SIZE,No
synpic33481.jpg,Is the aortic knob widened?,SIZE,No
synpic33481.jpg,is the aortic knob widened?,SIZE,No
synpic24350.jpg,Is the trachea normal?,PRES,Yes
synpic24350.jpg,Is/Are the trachea normal?,PRES,Yes
synpic24350.jpg,Is the trachea midline?,PRES,Yes
synpic24350.jpg,Is the trachea midline?,PRES,Yes
synpic17675.jpg,Is there a pneumothorax?,PRES,No
synpic17675.jpg,Is/Are there pneumothorax?,PRES,No
synpic17675.jpg,Is a pneuomothorax present?,PRES,No
synpic17675.jpg,Is/Are there pneumothorax?,PRES,No
synpic33302.jpg,Is/Are there pneumothorax?,PRES,No
synpic33302.jpg,Is/Are there pneumothorax?,PRES,No
synpic26413.jpg,Are the clavicles fractured?,PRES,No
synpic26413.jpg,Is/Are there clavicular fracture?,PRES,No
synpic26413.jpg,Is a clavicular fracture present?,PRES,No
synpic26413.jpg,Is/Are there clavicular fracture?,PRES,No
synpic24350.jpg,Is a pleural effusion present?,PRES,No
synpic24350.jpg,Is/Are there pleural effusion?,PRES,No
synpic24350.jpg,Is there a pleural effusion?,PRES,No
synpic24350.jpg,Is/Are there pleural effusion?,PRES,No
synpic45610.jpg,Is/Are the diaphragm flat? -yes/no,ATTRIB,No
synpic45610.jpg,Is/Are the diaphragm flat? -yes/no,ATTRIB,No
synpic27646.jpg,Is there lymphadenopathy?,PRES,No
synpic27646.jpg,Is there lymphadenopathy?,PRES,No
synpic27646.jpg,Is lymphadenopathy present?,PRES,No
synpic27646.jpg,Is there lymphadenopathy?,PRES,No
synpic19232.jpg,Describe the borders of the lesion.,ATTRIB,Smooth
synpic19232.jpg,How would you describe the borders of the lesion?,ATTRIB,Smooth
synpic19232.jpg,How are the borders of the lesion?,ATTRIB,Smooth
synpic19232.jpg,How would you describe the borders of the lesion?,ATTRIB,Smooth
synpic31217.jpg,What is the location of the abnormality?,POS,Right lung
synpic31217.jpg,Where is/are the nodules located?,POS,Right lung
synpic31217.jpg,Where is the abnormality?,POS,Right lung
synpic31217.jpg,Where is/are the nodules located?,POS,Right lung
synpic32081.jpg,What is the location of the abnormality?,POS,Right side of the trachea
synpic32081.jpg,Where is/are the abnormality located?,POS,Right side of the trachea
synpic32081.jpg,Where is the abnormality?,POS,Right side of the trachea
synpic32081.jpg,Where is/are the abnormality located?,POS,Right side of the trachea
synpic31217.jpg,Is this an image of normal physiology?,ABN,No
synpic31217.jpg,Is this patient healthy?,ABN,No
synpic27646.jpg,Is/Are there a focal mass?,PRES,No
synpic27646.jpg,Is/Are there a focal mass?,PRES,No
synpic18250.jpg,Are the airway walls thickened in the bases?,PRES,Yes
synpic18250.jpg,Is/Are there thickening in the patient's airway walls?,PRES,Yes
synpic18250.jpg,Is there increased airway wall thickening of the bilateral bases?,PRES,Yes
synpic18250.jpg,Is/Are there thickening in the patient's airway walls?,PRES,Yes
synpic29263.jpg,Is the heart enlarged?,SIZE,No
synpic29263.jpg,Is/Are the heart enlarged?,SIZE,No
synpic29263.jpg,Is there cardiomegaly?,SIZE,No
synpic29263.jpg,Is/Are the heart enlarged?,SIZE,No
synpic31217.jpg,Are there abnormalities seen in the lungs?,ABN,yes
synpic19232.jpg,How would you describe the location of the lesion?,POS,Retrocardiac
synpic19232.jpg,Where is/are the lesion located?,POS,Retrocardiac
synpic19232.jpg,Where is the lesion located?,POS,Retrocardiac
synpic19232.jpg,Where is/are the lesion located?,POS,Retrocardiac
synpic31217.jpg,Where is the nodule?,ABN,Below the 7th rib in the right lung.
synpic31217.jpg,What is the abnormality?,ABN,Single lung nodule
synpic18250.jpg,Are there abnormalities?,ABN,Yes
synpic18250.jpg,Is this image abnormal?,ABN,Yes
synpic18250.jpg,Is anything wrong in this image?,ABN,Yes
synpic18250.jpg,Is this image abnormal?,ABN,Yes
synpic32081.jpg,Is anything wrong in the image?,ABN,Yes
synpic32081.jpg,Is this image normal?,ABN,Yes
synpic32081.jpg,Is there an abnormality?,ABN,Yes
synpic32081.jpg,Is this image normal?,ABN,Yes
synpic29263.jpg,Is/Are there abnormality in the patient's lungs?,PRES,No
synpic29263.jpg,Is/Are there abnormality in the patient's lungs?,PRES,No
synpic29263.jpg,Are there any pulmonary findings?,PRES,No
synpic29263.jpg,Is/Are the lungs normal?,PRES,No
synpic29263.jpg,Are the lungs affected?,PRES,No
synpic29263.jpg,Is/Are the lungs normal?,PRES,No
synpic27646.jpg,What plane is seen?,PLANE,PA
synpic31217.jpg,Which plane is this image taken in?,PLANE,PA
synpic27646.jpg,Is this an MRI?,MODALITY,no
synpic27646.jpg,How can the distribution in this image be described?,ATTRIB,Micronodular
synpic27646.jpg,How would you describe the distributions?,ATTRIB,Micronodular
synpic27646.jpg,What type of distributions is seen on this image?,ATTRIB,Micronodular
synpic27646.jpg,How would you describe the distributions?,ATTRIB,Micronodular
synpic42210.jpg,What do the two bright dots represent?,PRES,nipple location
synpic42210.jpg,What are the two bright dots?,PRES,nipple location
synpic42210.jpg,What are the two hyperlucent inferior dots?,PRES,nipple location
synpic42210.jpg,What are the two dots?,PRES,nipple location
synpic100176.jpg,Is this a PA or AP film?,MODALITY,PA
synpic100176.jpg,What laterality is this film?,MODALITY,PA
synpic52988.jpg,Is/Are there cardiomegaly ?,SIZE,Yes
synpic52988.jpg,Is/Are there cardiomegaly ?,SIZE,Yes
synpic28987.jpg,Is there fluid in the lungs?,PRES,No
synpic28987.jpg,Is/Are there a pleural effusion?,PRES,No
synpic28987.jpg,Is a pleural effusion present?,PRES,No
synpic28987.jpg,Is/Are there a pleural effusion?,PRES,No
synpic42210.jpg,Is the trachea deviated?,PRES,yes
synpic42210.jpg,Is/Are there tracheal deviation?,PRES,yes
synpic42210.jpg,Is tracheal deviation present?,PRES,yes
synpic42210.jpg,Is/Are there tracheal deviation?,PRES,yes
synpic52988.jpg,Are patchy infiltrates depicted?,PRES,Yes
synpic52988.jpg,Is/Are there patchy infiltrates?,PRES,Yes
synpic52988.jpg,Are there patchy infiltrates present?,PRES,Yes
synpic52988.jpg,Is/Are there patchy infiltrates?,PRES,Yes
synpic100176.jpg,Are the margins of the cardiac silhouette normal?,ABN,No
synpic100176.jpg,Is/Are the cardiac silhouette normal?,ABN,No
synpic100176.jpg,Is the heart border normal?,ABN,No
synpic100176.jpg,Is/Are the heart border normal?,ABN,No
synpic12210.jpg,What imaging modality was used?,MODALITY,x-ray
synpic12210.jpg,What type of image is this?,MODALITY,x-ray
synpic100176.jpg,Is/Are there pneumoperitoneum?,PRES,no
synpic100176.jpg,Is/Are there pneumoperitoneum?,PRES,no
synpic28987.jpg,Is cardiomegaly shown?,SIZE,yes
synpic28987.jpg,Is/Are there cardiomegaly?,SIZE,yes
synpic28987.jpg,Is the heart enlarged?,SIZE,yes
synpic28987.jpg,Is/Are there cardiomegaly?,SIZE,yes
synpic12210.jpg,What is at the base of the right lung?,PRES,nodules
synpic12210.jpg,What is/are the pathology near/in the base of the lungs?,PRES,nodules
synpic12210.jpg,What pathology is shown at the lung bases?,PRES,nodules
synpic12210.jpg,What is/are the pathology near/in the base of the lungs?,PRES,nodules
synpic42210.jpg,Is this a PA film?,PLANE,yes
synpic42210.jpg,What image modality is this?,MODALITY,X-ray
synpic52988.jpg,Blunting of the costophrenic angles indicate what condition?,OTHER,pleural effusion
synpic52988.jpg,What does the blunting of the costophrenic angles indicate?,OTHER,pleural effusion
synpic31248.jpg,Is there hilar adenopathy?,PRES,Yes
synpic31248.jpg,Is/Are there hilar adenopathy?,PRES,Yes
synpic52988.jpg,Is the ET tube properly placed?,OTHER,Yes
synpic15006.jpg,Is there cardiomegaly?,SIZE,yes
synpic15006.jpg,Is there cardiomegaly,SIZE,yes
synpic31962.jpg,Is/Are the air under the diaphragm pathologic?,ABN,No
synpic31962.jpg,Is there free air under the patient's diaphragm?,PRES,No
synpic17664.jpg,Is the trachea midline?,PRES,Yes
synpic17664.jpg,Is/Are the trachea in a normal position?,PRES,Yes
synpic17675.jpg,Are there any fractures in this image?,PRES,No
synpic17675.jpg,Is/Are the bones fractured? -yes/no,PRES,No
synpic49914.jpg,Is there pleural thickening in the R lung?,SIZE,Yes
synpic49914.jpg,Is the pleura thick?,SIZE,Yes
synpic33102.jpg,Is there a pneumothorax?,PRES,yes
synpic33102.jpg,Is there a pneumonthorax?,PRES,yes
synpic18319.jpg,Which lung are the nodules located in?,POS,Bilateral
synpic18319.jpg,Where is/are the nodules located?,POS,Bilateral
synpic47783.jpg,Is/Are the air under the diaphragm pathologic?,ABN,No
synpic51872.jpg,Is this patient intubated?,PRES,no
synpic51872.jpg,Is/Are there an endotracheal tube?,PRES,no
synpic27277.jpg,Why is the left hemithorax more lucent?,OTHER,decreased muscle bulk
synpic22037.jpg,Is there a rib fracture?,PRES,No
synpic22037.jpg,Is/Are there a rib fracture?,PRES,No
synpic52767.jpg,Are there decreased lung markings in the right upper lung field?,PRES,Yes
synpic52767.jpg,Is/Are there pneumothorax?,PRES,Yes
synpic40520.jpg,Are there increased interstitial markings?,PRES,Yes
synpic40520.jpg,Is/Are there increased interstitial markings?,PRES,Yes
synpic33331.jpg,Which side is the diaphragm more depressed?,"PRES, POS",Left
synpic46976.jpg,Is there pneumoperitoneum?,PRES,no
synpic46976.jpg,Is/Are there free air in the patient's abdomen?,PRES,no
synpic19477.jpg,Is/Are there nipple markers present?,OTHER,Yes
synpic24350.jpg,Is there cardiac enlargement?,SIZE,Yes
synpic24350.jpg,Is/Are the heart larger than normal?,SIZE,Yes
synpic21044.jpg,Is there bilateral hilar enlargement?,SIZE,Yes
synpic21044.jpg,Is/Are the hila enlarged?,SIZE,Yes
synpic32933.jpg,Where is the abnormality located?,POS,R hemidiaphragm
synpic32933.jpg,Where is/are the free air located?,POS,R hemidiaphragm
synpic29048.jpg,What part of the body does this radiograph show?,ORGAN,chest
synpic19782.jpg,Is/Are there a fracture present in the clavicle?,PRES,No
synpic31400.jpg,Is this an abnormal film?,ABN,Yes
synpic31400.jpg,Is this image abnormal?,ABN,Yes
synpic31400.jpg,Is there a cavitary lesion?,PRES,Yes
synpic31256.jpg,Is there a pneumothorax present?,PRES,No
synpic31256.jpg,Is/Are there a pneumothorax ?,PRES,No
synpic19232.jpg,Is the heart enlarged?,SIZE,Yes
synpic19232.jpg,Is/Are the heart enlarged?,SIZE,Yes
synpic100228.jpg,Is there evidence of a pleural effusion?,PRES,No
synpic28378.jpg,What is/are the hyperintense structure near/in the right side of the chest?,PRES,Mediport
synpic17145.jpg,What type of imaging is this?,MODALITY,Xray
synpic13385.jpg,Is the trachea midline?,PRES,Midline
synpic13385.jpg,Where is/are the trachea located?,PRES,Midline
synpic21776.jpg,What organ is superimposed on the lung fields?,ORGAN,Breasts
synpic17693.jpg,Is the image normal?,ABN,No
synpic17693.jpg,Is this image normal?,ABN,No
synpic16221.jpg,Which side is the abnormality on?,POS,Right
synpic33302.jpg,Is there a calcification on the upper left lobe?,PRES,No
synpic33302.jpg,Is/Are there calcification in the patient's upper left lobe?,PRES,No
synpic18461.jpg,Which lung has diffuse opacification?,POS,Right
synpic18461.jpg,Where is/are the opacificaions located?,POS,Right
synpic18896.jpg,What does the abnormal contour of the left hilum suggest in terms of pathology?,OTHER,double arch
synpic31955.jpg,Are the clavicles broken?,PRES,No
synpic31955.jpg,Is/Are there fractures in the patient's clavicles?,PRES,No
synpic17738.jpg,The cystic findings in the bilateral apices are consistent with what pathology?,OTHER,emphysema
synpic27646.jpg,Is/Are there an air-fluid level?,PRES,No
synpic27402.jpg,IS there anything wrong with the lungs?,ABN,No
synpic27402.jpg,Is this image abnormal?,ABN,No
synpic23989.jpg,Is/Are there a chest tube?,PRES,No
synpic32081.jpg,What is the gender of this patient?,OTHER,Man
synpic12210.jpg,Is/Are the nodules located near/in the both lungs?,PRES,yes
synpic18651.jpg,Is the heart greater than 50% of the chest diameter,SIZE,yes
synpic18651.jpg,Is/Are the heart >50% of chest diameter?,SIZE,yes
synpic42210.jpg,Where is/are the mass located?,POS,anterior mediastinum
synpic18250.jpg,Is there consolidation in the lungs?,PRES,No
synpic18250.jpg,Is/Are there consolidation in the patient's lungs?,PRES,No
synpic26248.jpg,Which orientation is the image acquired?,PLANE,PA
synpic29263.jpg,Is/Are there air-fluid level?,PRES,No
synpic27655.jpg,What imaging modality is used?,MODALITY,Xray
synpic31217.jpg,Is there a nodule in the left lung?,PRES,No
synpic31217.jpg,Is/Are there a nodule in the patient's left lung?,PRES,No
synpic23803.jpg,Is there a pneumothorax present?,PRES,Yes
synpic16174.jpg,What is/are the EKG leads near/in the lungs?,PRES,Yes
synpic26413.jpg,Is the stomach visualized here?,PRES,No
synpic26413.jpg,Is/Are there stomach visualized?,PRES,No
synpic17848.jpg,Is/Are the nodules well circumscribed? -yes/no,ATTRIB,Yes
synpic23053.jpg,Are the ribs broken?,PRES,No
synpic23053.jpg,Is/Are there fractures present?,PRES,No
synpic33422.jpg,Is there adequate inspiration?,PRES,Yes
synpic38531.jpg,Are there rib fractures present?,PRES,No
synpic32970.jpg,Is/Are there air under the patient's diaphragm?,PRES,No
synpic50943.jpg,Is there an NG tube present?,PRES,Yes
synpic41667.jpg,Is the trachea midline?,PRES,Yes
synpic39532.jpg,Is there free air under the diaphragm?,PRES,No
synpic42245.jpg,Is the cardiac contour normal in shape?,ATTRIB,Yes
synpic34449.jpg,Are there rib fractures present?,PRES,Yes
synpic34449.jpg,Is/Are the right ribs fractured?,PRES,Yes
synpic44865.jpg,Is there a mediastinal shift?,PRES,Yes
synpic44865.jpg,Is/Are there a mediastinal shift?,PRES,Yes
synpic28987.jpg,What imaging modality is used?,MODALITY,plain film xray
synpic42805.jpg,Is there abnormal air present under the diaphragm?,ABN,No
synpic31394.jpg,Is there a pneumothorax present?,PRES,no
synpic31394.jpg,Is/Are there a pneumothroax?,PRES,no
synpic16810.jpg,Is/Are there hilar adenopathy?,PRES,No
synpic16407.jpg,Where is/are the hyperinflated lungs located?,POS,Bilateral lungs
synpic46539.jpg,Is there a fracture of the clavicle?,PRES,No
synpic46539.jpg,Is/Are there a fracture in the patient's clavicle?,PRES,No
synpic22097.jpg,What does this represent?,ABN,hydropneumothorax
synpic22097.jpg,What is abnormal in this image?,ABN,hydropneumothorax
synpic40272.jpg,Does the patient have a central line placed?,PRES,Yes
synpic40272.jpg,Is/Are there central line in the patient's heart?,PRES,Yes
synpic31259.jpg,How many masses are there?,COUNT,one
synpic31259.jpg,How many masses are present/visualized in the image?,COUNT,one
synpic33429.jpg,Is the heart too big?,SIZE,No
synpic33429.jpg,Is/Are the heart too big?,SIZE,No
synpic55464.jpg,Is there cardiomegaly?,SIZE,No
synpic55464.jpg,Is/Are there cardiomegaly?,SIZE,No
synpic60423.jpg,Anything abnormal in this image?,ABN,No
synpic60423.jpg,Is this image abnormal?,ABN,No
synpic53228.jpg,Is/Are there curly B lines?,PRES,No
synpic51774.jpg,Is a pneumothorax present?,PRES,Yes
synpic51774.jpg,Is/Are there a pneumothorax?,PRES,Yes
synpic25821.jpg,Where is/are the gastric bubble located?,POS,Right side
synpic33226.jpg,Is the heart clearly visible?,PRES,No
synpic33226.jpg,Is/Are there an obvious heart outline?,PRES,No
synpic32962.jpg,Where is/are the opacity located?,POS,"Right of the midline, superior to the right hilum"
synpic32084.jpg,Is/Are the ribs broken?,PRES,No
synpic45557.jpg,Is the trachea midline?,PRES,In the midline
synpic19114.jpg,Are the findings normal?,ABN,No
synpic19114.jpg,Is this image normal?,ABN,No
synpic45610.jpg,Are there rib fractures present?,PRES,No
synpic45610.jpg,Is/Are there rib fractures?,PRES,No
synpic24390.jpg,Is the trachea midline?,PRES,Yes
synpic32084.jpg,Are there multiple circumferential opacities located throughout all lung fields?,"POS, PRES",Yes
synpic32084.jpg,Does this chest x-ray show signs of diffuse opacities in both right and left lung fields?,"POS, PRES",Yes
synpic41667.jpg,Can you view the colon in this image?,PRES,yes
synpic100228.jpg,What plane was this chest film taken in?,PLANE,AP
synpic100228.jpg,Is this an AP or PA film?,PLANE,AP
synpic32084.jpg,What type of radiograph is this?,ORGAN,Chest radiograph
synpic53228.jpg,Is this patient rotated?,OTHER,No
synpic53228.jpg,Was the patient positioned inappropriately?,OTHER,No
synpic41667.jpg,What structure is seen in the left hemidiaphragmatic area?,PRES,Sigmoid Flexture of the Colon
synpic41667.jpg,What structure is superimposed on the left hemidiaphragm?,PRES,Sigmoid Flexture of the Colon
synpic32084.jpg,Is there right hemidiaphragm elevation?,PRES,Yes
synpic32084.jpg,Is/Are there elevation of the right hemidiaphragm?,PRES,Yes
synpic32084.jpg,Is the right hemidiaphragm higher than the left?,PRES,Yes
synpic32084.jpg,Is/Are there elevation of the right hemidiaphragm?,PRES,Yes
synpic59126.jpg,Where is the gastric bubble located?,POS,Underneath the right hemidiaphragm
synpic59126.jpg,Where is the gastric bubble located?,POS,Underneath the right hemidiaphragm
synpic59126.jpg,Where is the gastric bubble placed?,POS,Underneath the right hemidiaphragm
synpic59126.jpg,Where is the gastric bubble located?,POS,Underneath the right hemidiaphragm
synpic32084.jpg,What was this image taken with?,MODALITY,X-ray
synpic59126.jpg,Is the heart contour backwards?,OTHER,yes
synpic59126.jpg,Is the heart contour a mirror image of normal?,OTHER,yes
synpic100228.jpg,Where are the three circular opacities located?,POS,Stomach
synpic100228.jpg,Where are the three circular opacities located?,POS,Stomach
synpic41667.jpg,What vein is the central venous catheter located in the patient?,POS,Right Subclavian Vein
synpic41667.jpg,Where is/are the central venous catheter located?,POS,Right Subclavian Vein
synpic41667.jpg,Where is the central venous catheter placed?,POS,Right Subclavian Vein
synpic41667.jpg,Where is/are the central venous catheter located?,POS,Right Subclavian Vein
synpic41667.jpg,Is this a chest radiograph?,MODALITY,yes
synpic53228.jpg,Does the heart border appear normal?,ABN,Yes
synpic53228.jpg,Is the heart contour normal?,ABN,Yes
synpic53228.jpg,Is there a normal contour of the heart?,ABN,Yes
synpic53228.jpg,Is the heart contour normal?,ABN,Yes
synpic41667.jpg,Is this an AP or PA film?,PLANE,PA
synpic32084.jpg,Is the heart enlarged?,SIZE,No
synpic32084.jpg,Is the heart enlarged?,SIZE,No
synpic32084.jpg,Is there evidence of cardiomegaly?,SIZE,No
synpic32084.jpg,Is the heart enlarged?,SIZE,No
synpic59126.jpg,Is this an AP or PA film?,PLANE,PA
synpic59126.jpg,How was this film taken?,PLANE,PA
synpic41667.jpg,Are the ground glass opacities located more in the apex or base of the lung?,POS,Base
synpic41667.jpg,What parts of the lung fields contain the most prominent ground glass opacities?,POS,Lower lung fields
synpic100228.jpg,Is there cardiomegaly?,SIZE,No
synpic100228.jpg,Is the heart enlarged?,SIZE,No
synpic100228.jpg,Is the heart enlarged?,SIZE,No
synpic100228.jpg,Is the heart enlarged?,SIZE,No
synpic26764.jpg,Are the lungs hyperinflated?,SIZE,yes
synpic38531.jpg,Is the left hemodiaphragm flat?,"PRES, ATTRIB",Yes
synpic38531.jpg,Is the left hemodiaphragm flat?,"PRES, ATTRIB",Yes
synpic32084.jpg,Is this a PA film?,PLANE,yes
synpic27655.jpg,Is there any costophrenic angle blunting present?,PRES,No
synpic27655.jpg,Is there any costophrenic angle blunting?,PRES,No
synpic27655.jpg,Is there presence of any costophrenic angle blunting?,PRES,No
synpic27655.jpg,Is there any costophrenic angle blunting?,PRES,No
synpic33102.jpg,Do you see a pleural effusion?,PRES,No
synpic33102.jpg,Is there a pleural effusion?,PRES,No
synpic33102.jpg,Is there a pleural effusion present?,PRES,No
synpic33102.jpg,Is there a pleural effusion?,PRES,No
synpic25587.jpg,Is this a pneumonia vs. pleural effusion?,PRES,pleural effusion
synpic25587.jpg,Is a pneumonia or pleural effusion seen in this image?,PRES,pleural effusion
synpic33102.jpg,How was this film taken?,PLANE,PA
synpic25587.jpg,"On what side of the body is there pathology, and what is it?",ABN,right sided pleural effusion
synpic25587.jpg,What is the pathology?,ABN,right sided pleural effusion
synpic25587.jpg,What is the pathology in the image?,ABN,right sided pleural effusion
synpic25587.jpg,What pathology is seen int his image? ,ABN,right sided pleural effusion
synpic25587.jpg,What is the pathology in the image?,ABN,right sided pleural effusion
synpic25587.jpg,What pathology is seen int his image? What side?,"ABN, POS",right sided pleural effusion
synpic25587.jpg,On what side of the body is there pathology?,POS,right sided pleural effusion
synpic25587.jpg,Where is the pathology?,POS,right sided pleural effusion
synpic25587.jpg,What side is the pathology?,POS,right sided pleural effusion
synpic25587.jpg,Where is the pathology?,POS,right sided pleural effusion
synpic15006.jpg,Is there deviation in the trachea?,PRES,No
synpic15006.jpg,Is there tracheal deviation?,PRES,No
synpic15006.jpg,Is there tracheal deviation?,PRES,No
synpic15006.jpg,Is there tracheal deviation?,PRES,No
synpic33102.jpg,Do you see cardiomegaly?,SIZE,No
synpic33102.jpg,Is the heart enlarged?,SIZE,No
synpic33102.jpg,Is cardiomegaly present?,SIZE,No
synpic33102.jpg,Is the heart enlarged?,SIZE,No
synpic33102.jpg,Is this a KUB film?,MODALITY,no
synpic15006.jpg,Is the heart size abnormal?,SIZE,Yes
synpic25587.jpg,Is there tracheal deviation?,PRES,No
synpic25587.jpg,Is there tracheal deviation?,PRES,No
synpic29048.jpg,The image has an abnormality located where?,POS,retrocardiac
synpic29048.jpg,Where is the abnormality located?,POS,retrocardiac
synpic29048.jpg,Where is the abnormality located in this image?,POS,retrocardiac
synpic29048.jpg,Where is the abnormality located?,POS,retrocardiac
synpic15006.jpg,Are there pleural effusions present?,PRES,No
synpic15006.jpg,Is/Are there pleural effusions?,PRES,No
synpic15006.jpg,Is there presence of pleural effusions in this patient?,PRES,No
synpic15006.jpg,Is/Are there pleural effusions?,PRES,No
synpic15006.jpg,Is this film taken AP?,PLANE,no
synpic33102.jpg,Is this a plain film xray?,MODALITY,yes
synpic676.jpg,Are the costophrenic angles blunted?,PRES,No
synpic676.jpg,Is there any blunting of the costophrenic angle(s)?,PRES,No
synpic27655.jpg,Any tracheal deviation present?,PRES,No
synpic27655.jpg,Is/Are there tracheal deviation?,PRES,No
synpic27655.jpg,Is there any presence of tracheal deviation?,PRES,No
synpic27655.jpg,Is/Are there tracheal deviation?,PRES,No
synpic15006.jpg,Is this a special kind of X-ray?,MODALITY,No
synpic52932.jpg,This image is concerning for what lung pathology?,ABN,pneumonia
synpic52932.jpg,What lung pathology is this image concerning for?,ABN,pneumonia
synpic676.jpg,Is the heart enlarged?,SIZE,No
synpic676.jpg,Is the heart enlarged?,SIZE,No
synpic29048.jpg,The soft-tissue density seen in this image contains what?,PRES,Air
synpic29048.jpg,What is/are the filling near/in the soft-tissue density?,PRES,Air
synpic29048.jpg,What is filling the soft-tissue density seen in this image?,PRES,Air
synpic29048.jpg,What is/are the filling near/in the soft-tissue density?,PRES,Air
synpic16174.jpg,Is there evidence of left lung field hyperinflation?,PRES,Yes
synpic16174.jpg,Has the left lung collapsed?,PRES,Yes
synpic16174.jpg,Is/Are there collapse in the patient's left lung?,PRES,Yes
synpic52767.jpg,Is there evidence of mediastinal shift?,PRES,No
synpic52767.jpg,Is/Are there are midline shift?,PRES,No
synpic52767.jpg,Is there a midline shift?,PRES,No
synpic52767.jpg,Is/Are there are midline shift?,PRES,No
synpic33422.jpg,Is there evidence of hilar enlargement?,SIZE,No
synpic33422.jpg,Is/Are the hilum enlargement?,SIZE,No
synpic33422.jpg,Is there increased lung markings near the hilum?,SIZE,No
synpic33422.jpg,Is/Are the hilum enlargement?,SIZE,No
synpic18461.jpg,What is happening to the right heart border?,ATRIB,Partial silhouetting
synpic18461.jpg,How would you describe the R heart??,ATRIB,Partial silhouetting
synpic18461.jpg,How would you describe the R heart border?,ATTRIB,Partial silhouetting
synpic18461.jpg,How would you describe the R heart??,ATTRIB,Partial silhouetting
synpic18461.jpg,Is the right costophrenic angle sharp?,ATTRIB,no
synpic18461.jpg,Is/Are the R costophrenic angle sharp?,ATTRIB,no
synpic18461.jpg,Is the right costophrenic angle easily visualized?,PRES,no
synpic18461.jpg,Is/Are the R costophrenic angle sharp?,PRES,no
synpic19782.jpg,On which side is air under the diaphragm?,POS,Right
synpic19782.jpg,Is free air present under the patient's left or right hemidiaphragm?,POS,Right
synpic17664.jpg,Which lung are more markings present in?,POS,Right lung
synpic17664.jpg,Where is/are the most lung markings located?,POS,Right lung
synpic17664.jpg,Where are the most lung markings?,POS,Right lung
synpic17664.jpg,Where is/are the most lung markings located?,POS,Right lung
synpic27402.jpg,what test or procedure might reveal the diagnosis?,OTHER,head/neck CT
synpic27402.jpg,What can be done to get to a diagnosis?,OTHER,Biopsy
synpic51774.jpg,Is the heart displaced?,POS,No
synpic51774.jpg,Is the heart in the wrong position?,POS,No
synpic16810.jpg,How do you determine cardiomegaly?,OTHER,If the heart diameter is greater than half the diameter of the thoracic cavity.
synpic16810.jpg,How do you determine if the heart is enlarged?,OTHER,C-T ratio
synpic28378.jpg,"What does tram-track""-ing indictate?""",OTHER,Bronchiectasis
synpic28378.jpg,What is meant by tram-track?,OTHER,Thickening of bronchi
synpic31248.jpg,Is there hyperinflation of the lung(s)?,SIZE,No
synpic31248.jpg,Is/Are there lung hyperinflation?,SIZE,No
synpic31248.jpg,Are the lungs increased in size?,SIZE,No
synpic31248.jpg,Is/Are there lung hyperinflation?,SIZE,No
synpic16810.jpg,Is there a midline shift?,PRES,No
synpic16810.jpg,Is/Are there midline shift?,PRES,No
synpic16810.jpg,Is the trachea shifted?,PRES,No
synpic16810.jpg,Is/Are there midline shift?,PRES,No
synpic51774.jpg,What indicates a pleural effusion?,OTHER,costophrenic angle blunting
synpic51774.jpg,What is a pleural effusion,OTHER,Fluid in the pleural space
synpic51774.jpg,Which way is the trachea deviating in this image?,POS,Left
synpic51774.jpg,Where is/are the trachea located?,POS,Left
synpic51774.jpg,Is the trachea deviated to the right or left?,POS,Left
synpic51774.jpg,Where is/are the trachea located?,POS,Left
synpic46539.jpg,what is the pathology?,ABN,hydropneumothorax
synpic46539.jpg,What is abnormal in this image?,ABN,hydropneumothorax
synpic46539.jpg,What is abnormal in this image?,ABN,hydropneumothorax
synpic46539.jpg,What is abnormal in this image?,ABN,hydropneumothorax
synpic22037.jpg,What is the foreign body?,PRES,a catheter
synpic22037.jpg,What is/are the foreign body near/in the subclavian vein?,PRES,a catheter
synpic22037.jpg,Please identify the foreign body.,PRES,a catheter
synpic22037.jpg,What is/are the foreign body near/in the subclavian vein?,PRES,a catheter
synpic55464.jpg,Are the lymph nodes enlarged,SIZE,yes
synpic55464.jpg,Is/Are there hilar lymphadenopathy?,SIZE,yes
synpic55464.jpg,Is there hilar lymphadenopathy?,SIZE,yes
synpic55464.jpg,Is/Are there hilar lymphadenopathy?,SIZE,yes
synpic23989.jpg,Is this a tension pneumothorax?,PRES,No
synpic23989.jpg,Is/Are there a tension pneumothorax?,PRES,No
synpic23989.jpg,Does this image show a tension pneumothorax?,PRES,No
synpic23989.jpg,Is/Are there a tension pneumothorax?,PRES,No
synpic23989.jpg,is there tracheal deviation?,PRES,no
synpic23989.jpg,Is/Are there tracheal deviation?,PRES,no
synpic23989.jpg,Is the trachea deviated?,PRES,no
synpic23989.jpg,Is/Are there tracheal deviation?,PRES,no
synpic31259.jpg,what is the pathology,ABN,left lobe mass 1.5 x 1.8 cm
synpic31259.jpg,What is abnormal in this image?,ABN,left lobe mass 1.5 x 1.8 cm
synpic31259.jpg,What is abnormal in this image?,ABN,left lobe mass 1.5 x 1.8 cm
synpic31259.jpg,What is abnormal in this image?,ABN,left lobe mass 1.5 x 1.8 cm
synpic19114.jpg,Would you expect pleural plaques on other pleural surfaces vs just the hemithoraces?,OTHER,Not sure
synpic19114.jpg,Do you expect the patient to have plaques on other pleura as well?,OTHER,Maybe
synpic19114.jpg,What are the densities in both mid-lung fields?,PRES,pleural plaques
synpic19114.jpg,What is/are the densities near/in the lung fields?,PRES,pleural plaques
synpic19114.jpg,What do the densities in the lung fields represent?,PRES,pleural plaques
synpic19114.jpg,What is/are the densities near/in the lung fields?,PRES,pleural plaques
synpic17848.jpg,What lung are the pulmonary nodules in?,POS,Bilateral lungs
synpic17848.jpg,Where is/are the nodules located?,POS,Bilateral lungs
synpic17848.jpg,Where are the nodules located?,POS,Bilateral lungs
synpic17848.jpg,Where is/are the nodules located?,POS,Bilateral lungs
synpic19114.jpg,Are there any abnormalities with the shape of the aortic arch?,ABN,No
synpic19114.jpg,Is/Are the aortic arch normal?,ABN,No
synpic19114.jpg,Is the aortic arch shape abnormal?,ABN,No
synpic19114.jpg,Is/Are the aortic arch normal?,ABN,No
synpic17693.jpg,What are the lesions indicative of?,OTHER,Adenopathy
synpic17693.jpg,What are the lesions consistent with?,OTHER,Infection
synpic17693.jpg,Where are the lesions located?,POS,Paratracheal area
synpic17693.jpg,Where is/are the lesions located?,POS,Paratracheal area
synpic17693.jpg,Where are the lesions?,POS,Paratracheal area
synpic17693.jpg,Where is/are the lesions located?,POS,Paratracheal area
synpic31394.jpg,How would you describe the pathology seen in the above image?,ATTRIB,"Rounded, well-defined pulmonary nodules varying in size and pattern"
synpic31394.jpg,How would you describe the pathology in this image?,ATTRIB,"Rounded, well-defined pulmonary nodules varying in size and pattern"
synpic31394.jpg,What is the pathology seen in this image?,ABN,pulmonary nodules
synpic17145.jpg,What is the pathology seen above?,ABN,bilateral pleural effusion
synpic17145.jpg,What is abnormal in this image?,ABN,bilateral pleural effusion
synpic17145.jpg,What abnormality is seen in this image?,ABN,bilateral pleural effusion
synpic17145.jpg,What is abnormal in this image?,ABN,bilateral pleural effusion
synpic18896.jpg,Is the patient's heart enlarged?,SIZE,No
synpic18896.jpg,Is/Are the the heart enlarged ?,SIZE,No
synpic18896.jpg,Does the heart look enlarged?,SIZE,No
synpic18896.jpg,Is/Are the the heart enlarged ?,SIZE,No
synpic27277.jpg,What organ system is shown in the above image?,ORGAN,cardiopulmonary
synpic27277.jpg,The image shows what organ system?,ORGAN,cardiopulmonary
synpic27277.jpg,In what position was the patient in when this image was taken?,OTHER,Semi-upright position
synpic27277.jpg,What position is the patient in for this image?,OTHER,Semi-upright position
synpic17675.jpg,What indicates there is no pleural effusion present?,PRES,Sharp costophrenic angles
synpic17675.jpg,What sign determines the absence of a pleural effusion?,PRES,Sharp costophrenic angles
synpic33331.jpg,Is the hyperinflation unilateral or bilateral?,POS,bilateral
synpic33331.jpg,Is the lung hyperinflated on one or both sides?,POS,both sides
synpic26413.jpg,Are the lines seen on the exterior or interior of the patient?,POS,Exterior
synpic26413.jpg,Are the lines in the image inside or outside of the patient?,POS,Outside
synpic26413.jpg,What indicates there is a consolidation in the right lung?,OTHER,"blunting of the costophrenic angle, loss of the right hemidiaphragm and right heart border"
synpic26413.jpg,What is the observed sign of pulmonary consolidation on the right side?,OTHER,"blunting of the costophrenic angle, loss of the right hemidiaphragm and right heart border"
synpic18250.jpg,Name one abnormality in the radiograph.,ABN,Increased opacity in the left retrocardiac region
synpic18250.jpg,What is abnormal in this image?,ABN,Increased opacity in the left retrocardiac region
synpic18250.jpg,What is one abnormality that can be seen in the image?,ABN,Increased opacity in the left retrocardiac region
synpic18250.jpg,What is abnormal in this image?,ABN,Increased opacity in the left retrocardiac region
synpic32081.jpg,What is the abnormality?,ABN,Right paratracheal mass lesion
synpic32081.jpg,What is abnormal in this image?,ABN,Right paratracheal mass lesion
synpic32081.jpg,What is wrong in this image?,ABN,Right paratracheal mass lesion
synpic32081.jpg,What is abnormal in this image?,ABN,Right paratracheal mass lesion
synpic19232.jpg,Are the lungs clear?,PRES,No
synpic19232.jpg,Is/Are the lungs clear? -yes/no,PRES,No
synpic19232.jpg,Are there lungs free of consolidation?,PRES,Yes
synpic12210.jpg,Do the lungs appear hyperinflated?,SIZE,Yes
synpic12210.jpg,Is/Are there hyperinflation?,SIZE,Yes
synpic12210.jpg,Is hyperinflation depicted?,SIZE,Yes
synpic12210.jpg,Is/Are there hyperinflation?,SIZE,Yes
synpic28987.jpg,What is wrong with the aortic area?,ABN,It is enlarged with prominence of the aortic knob
synpic28987.jpg,What is/are wrong with the aorta ?,ABN,It is enlarged with prominence of the aortic knob
synpic28987.jpg,What pathology is shown in the aorta?,ABN,It is enlarged with prominence of the aortic knob
synpic28987.jpg,What is/are wrong with the aorta ?,ABN,It is enlarged with prominence of the aortic knob
synpic42210.jpg,Is the cardiac silhouette enlarged?,SIZE,Yes
synpic42210.jpg,Is cardiomegaly present?,SIZE,Yes
synpic53228.jpg,How many ribs are superimposed on the lung fields?,COUNT,12
synpic53228.jpg,How many ribs are there?,COUNT,12
synpic53228.jpg,How many ribs are present in vertical order on this chest radiograph,COUNT,12
synpic53228.jpg,How many ribs are there?,COUNT,12
synpic26764.jpg,Is the circular opacity (located in the middle of this image) found on top of the patient or within the patient?,POS,On top of the patient
synpic26764.jpg,Where is/are the circular opacity located?,POS,On top of the patient
synpic26764.jpg,Is the opacity located in the middle of the image inside the patient or superficial to the patient's skin?,POS, superficial to the patient's skin
synpic26764.jpg,Where is/are the circular opacity located?,POS, superficial to the patient's skin
synpic38531.jpg,Is there decreased aeration at the apex?,PRES,Yes
synpic38531.jpg,Is the apical aeration normal or decreased?,ATTRIB,Normal
synpic26764.jpg,Is this a PA film?,PLANE,Yes
synpic26764.jpg,Is this film taken in a PA modality?,PLANE,Yes
